{"mean": [0.0021455855147273074, 0.006650358862572138, -0.13329691836401925], "std": [0.7086825616804605, 0.7078879911775715, 0.6971090826767108]}